page,verses,endpoint_issues,missing_regions,start_major_issues,blank_tail_rects
1,7,0,0,0,3
2,5,0,0,0,1
3,11,0,0,0,1
4,8,0,0,0,0
5,5,0,0,0,0
6,8,0,0,0,0
7,11,0,0,0,4
8,9,0,0,0,3
9,4,0,0,0,1
10,8,0,0,0,1
11,7,0,0,0,2
12,7,0,0,0,2
13,5,0,0,0,2
14,5,0,0,0,2
15,8,0,0,0,3
16,4,0,0,0,1
17,7,0,0,0,0
18,7,0,0,0,1
19,7,1,0,1,1
20,8,0,0,0,0
21,7,0,0,0,3
22,4,0,0,0,0
23,8,0,0,0,0
24,10,0,0,0,5
25,6,0,0,0,2
26,7,0,0,0,1
27,5,0,0,0,0
28,5,0,0,0,1
29,4,0,0,0,1
30,6,0,0,0,0
31,6,0,0,0,2
32,8,0,0,0,3
33,5,0,0,0,1
34,4,0,0,0,0
35,5,0,0,0,3
36,6,0,0,0,0
37,3,1,0,1,0
38,4,0,0,0,1
39,8,0,0,0,2
40,3,0,0,0,1
41,4,0,0,0,0
42,4,0,0,0,0
43,3,0,0,0,0
44,5,1,0,1,1
45,5,0,0,0,1
46,5,0,0,0,0
47,7,0,0,0,1
48,1,0,0,0,0
49,4,0,0,0,0
50,9,0,0,0,0
51,6,0,0,0,1
52,7,0,0,0,1
53,7,0,0,0,2
54,8,0,0,0,1
55,8,0,0,0,0
56,7,0,0,0,4
57,9,0,0,0,2
58,9,0,0,0,3
59,7,0,0,0,2
60,6,0,0,0,0
61,8,0,0,0,0
62,9,0,0,0,2
63,8,0,0,0,2
64,7,0,0,0,1
65,6,0,0,0,2
66,11,0,0,0,2
67,8,0,0,0,3
68,8,0,0,0,0
69,5,0,0,0,2
70,4,0,0,0,0
71,8,0,0,0,1
72,8,0,0,0,2
73,7,0,0,0,1
74,6,0,0,0,1
75,8,0,0,0,1
76,6,0,0,0,1
77,6,0,0,1,1
78,5,0,0,0,1
79,3,0,0,0,1
80,5,0,0,0,2
81,4,0,0,0,1
82,3,0,0,0,1
83,7,0,0,0,1
84,4,0,0,0,0
85,7,0,0,0,0
86,7,0,0,0,2
87,8,0,0,0,3
88,6,0,0,0,0
89,9,0,0,0,1
90,5,0,0,0,1
91,7,0,0,0,2
92,5,0,0,0,1
93,3,0,0,0,0
94,7,0,0,0,1
95,4,0,0,0,1
96,8,0,0,0,1
97,8,0,0,0,0
98,6,0,0,0,0
99,7,0,0,0,2
100,6,0,0,0,0
101,7,0,0,0,1
102,7,0,0,0,0
103,8,0,0,0,1
104,8,0,0,0,1
105,5,0,0,0,1
106,3,0,0,1,0
107,3,0,0,0,1
108,4,0,0,0,1
109,4,0,0,0,0
110,4,0,0,0,1
111,6,0,0,0,0
112,8,0,0,0,2
113,5,0,0,0,1
114,5,0,0,0,0
115,4,0,0,0,0
116,5,0,0,0,1
117,7,0,0,0,0
118,7,0,0,0,2
119,6,0,0,0,0
120,7,1,0,1,3
121,6,6,0,6,0
122,7,7,0,7,0
123,5,5,1,5,0
124,8,0,0,0,1
125,5,0,0,0,0
126,5,0,0,0,1
127,7,0,0,0,1
128,8,0,0,1,1
129,10,0,0,0,2
130,9,0,0,0,3
131,8,0,0,0,3
132,9,0,0,0,1
133,8,0,0,0,2
134,7,0,0,0,3
135,9,0,0,0,0
136,5,0,0,0,0
137,8,0,0,0,2
138,9,0,0,0,3
139,4,0,0,0,0
140,7,0,0,0,2
141,9,0,0,0,2
142,8,0,0,0,1
143,6,0,0,0,2
144,6,1,0,1,1
145,7,7,1,7,0
146,5,0,0,0,0
147,4,0,0,0,1
148,5,1,0,1,0
149,6,0,0,0,2
150,8,0,0,0,2
151,11,0,0,0,3
152,11,0,0,0,2
153,8,0,0,0,3
154,7,0,0,0,1
155,6,0,0,0,1
156,8,0,0,0,2
157,6,0,0,0,2
158,10,0,0,0,5
159,6,0,0,0,3
160,8,0,0,0,1
161,6,0,0,0,1
162,8,0,0,0,1
163,9,0,0,0,3
164,16,0,0,0,3
165,10,0,0,0,3
166,7,0,0,0,1
167,6,0,0,0,0
168,6,0,0,0,1
169,6,0,0,0,1
170,4,0,0,0,1
171,4,0,0,0,2
172,7,0,0,0,4
173,8,0,0,0,1
174,9,0,0,0,1
175,8,1,0,1,3
176,11,1,0,0,1
177,8,0,0,1,2
178,8,0,0,0,1
179,9,0,0,0,1
180,8,0,0,0,1
181,7,0,0,0,0
182,5,0,0,0,0
183,7,0,0,0,1
184,9,0,0,0,4
185,8,0,0,0,0
186,6,0,0,0,0
187,6,0,0,0,2
188,7,0,0,0,1
189,7,0,0,0,2
190,6,0,0,0,0
191,5,0,0,0,0
192,5,0,0,0,0
193,4,0,0,0,1
194,7,0,0,0,3
195,7,0,0,0,0
196,7,0,0,0,1
197,7,0,0,0,0
198,4,0,0,0,1
199,7,0,0,0,2
200,7,0,0,0,1
201,7,0,0,0,2
202,6,0,0,0,1
203,7,0,0,0,1
204,5,0,0,0,1
205,6,0,0,0,1
206,5,0,0,0,1
207,7,0,0,0,1
208,6,0,0,0,2
209,8,0,0,0,0
210,6,0,0,0,2
211,5,0,0,0,2
212,8,0,0,0,1
213,9,0,0,0,3
214,11,0,0,0,3
215,8,0,0,0,1
216,9,0,0,0,1
217,8,0,0,0,4
218,10,0,0,0,2
219,9,0,0,0,4
220,9,0,0,0,3
221,8,0,0,1,1
222,7,0,0,0,2
223,7,0,0,0,2
224,9,1,0,1,4
225,9,0,0,0,1
226,8,0,0,0,3
227,8,0,0,0,3
228,9,0,0,0,3
229,9,0,0,0,1
230,10,0,0,0,3
231,7,0,0,0,0
232,9,0,0,0,2
233,11,0,0,0,3
234,9,0,0,0,3
235,10,0,0,1,2
236,10,0,0,0,1
237,8,0,0,0,0
238,8,0,0,0,1
239,7,0,0,0,1
240,6,0,0,0,2
241,9,0,0,0,2
242,11,0,0,0,3
243,6,0,0,0,0
244,9,0,0,0,2
245,8,0,0,0,3
246,9,0,0,0,2
247,8,0,0,0,0
248,8,0,0,0,2
249,5,0,0,1,0
250,8,0,0,0,0
251,5,4,0,3,0
252,10,0,0,0,2
253,6,0,0,0,1
254,8,0,0,0,2
255,6,0,0,1,1
256,5,0,0,0,1
257,8,0,0,0,2
258,6,0,0,0,1
259,9,0,0,0,0
260,9,0,0,0,1
261,10,0,0,0,0
262,15,0,0,0,3
263,16,0,0,0,3
264,20,0,0,0,6
265,19,0,0,0,2
266,20,0,0,0,3
267,15,0,0,1,2
268,8,0,0,0,3
269,12,0,0,0,2
270,8,0,0,0,3
271,8,0,0,0,3
272,12,5,0,4,2
273,10,0,0,0,3
274,8,0,0,0,2
275,7,1,0,1,1
276,8,0,0,0,2
277,6,0,0,0,2
278,9,0,0,0,2
279,8,0,0,0,4
280,8,0,0,0,1
281,10,0,0,0,5
282,7,0,0,1,3
283,10,0,0,0,4
284,10,1,0,1,0
285,11,0,0,0,1
286,11,0,0,0,5
287,9,0,0,0,0
288,8,0,0,0,1
289,9,0,0,0,0
290,11,0,0,0,2
291,10,0,0,0,1
292,8,1,0,1,2
293,11,1,0,2,4
294,11,0,0,0,4
295,5,0,0,0,1
296,7,0,0,0,2
297,7,0,0,0,0
298,11,0,0,0,1
299,8,0,0,0,1
300,8,0,0,0,1
301,13,0,0,0,1
302,9,0,0,0,1
303,14,0,0,0,0
304,13,1,0,1,2
305,11,0,0,0,2
306,14,0,0,0,3
307,13,0,0,0,1
308,13,0,0,0,5
309,13,7,0,6,0
310,12,0,0,0,2
311,19,0,0,0,3
312,15,0,0,1,1
313,25,0,0,0,0
314,14,0,0,0,2
315,13,0,0,0,2
316,12,0,0,0,0
317,11,0,0,0,0
318,11,0,0,0,1
319,15,0,0,0,3
320,12,0,0,0,3
321,10,0,0,0,3
322,10,0,0,0,4
323,14,0,0,0,3
324,11,0,0,0,1
325,9,0,0,0,1
326,13,0,0,0,2
327,15,0,0,0,3
328,9,0,0,0,3
329,9,0,0,0,5
330,11,0,0,0,4
331,11,0,0,0,3
332,5,0,0,0,2
333,10,0,0,0,1
334,8,0,0,0,1
335,7,0,0,0,3
336,8,0,0,0,2
337,8,0,0,0,0
338,9,0,0,0,2
339,9,0,0,0,1
340,8,0,0,0,3
341,6,2,0,1,1
342,17,0,0,0,3
343,10,0,0,0,3
344,15,0,0,0,3
345,17,0,0,0,3
346,15,0,0,0,4
347,15,0,0,0,0
348,15,0,0,0,4
349,14,0,0,0,8
350,10,0,0,0,1
351,10,0,0,0,1
352,7,0,0,0,0
353,4,0,0,0,1
354,5,0,0,0,2
355,7,0,0,0,2
356,10,0,0,0,2
357,5,0,0,0,1
358,3,0,0,0,0
359,5,0,0,1,1
360,9,0,0,0,2
361,9,0,0,0,5
362,12,0,0,0,1
363,11,0,0,0,2
364,12,0,0,0,1
365,12,1,0,1,1
366,10,0,0,0,3
367,19,0,0,0,2
368,20,0,0,0,6
369,21,0,0,0,5
370,23,0,0,0,5
371,28,0,0,0,1
372,25,0,0,0,5
373,23,0,0,0,5
374,24,1,0,1,4
375,23,0,0,0,1
376,21,0,0,0,6
377,13,0,0,0,1
378,9,0,0,0,3
379,13,10,0,9,0
380,9,0,0,0,2
381,11,0,0,0,1
382,8,0,0,0,2
383,13,0,0,0,3
384,12,0,0,0,1
385,10,0,0,1,2
386,8,0,0,0,5
387,8,0,0,0,1
388,7,0,0,0,1
389,7,0,0,0,2
390,8,0,0,0,4
391,7,0,0,0,2
392,9,0,0,0,1
393,11,0,0,0,2
394,7,0,0,0,1
395,7,0,0,0,1
396,10,0,0,1,0
397,8,0,0,0,5
398,9,0,0,0,1
399,7,0,0,0,2
400,8,0,0,0,4
401,7,0,0,0,2
402,7,0,0,0,1
403,11,0,0,0,2
404,11,0,0,1,4
405,10,0,0,0,3
406,9,0,0,0,1
407,8,0,0,0,0
408,9,0,0,0,1
409,9,0,0,0,3
410,10,0,0,0,4
411,11,0,0,0,2
412,8,0,0,0,0
413,9,0,0,0,2
414,6,0,0,0,2
415,11,0,0,0,3
416,9,6,0,5,2
417,10,0,0,0,5
418,6,0,0,1,0
419,9,0,0,0,2
420,7,0,0,0,1
421,8,0,0,0,1
422,5,0,0,0,1
423,8,0,0,0,2
424,7,0,0,0,1
425,4,0,0,0,1
426,8,0,0,0,2
427,11,0,0,0,2
428,7,0,0,1,0
429,7,0,0,0,1
430,8,0,0,0,4
431,9,0,0,0,5
432,8,0,0,0,3
433,9,0,0,0,0
434,9,0,0,1,1
435,8,0,0,0,1
436,7,0,0,0,2
437,12,0,0,0,3
438,8,0,0,0,1
439,6,0,0,0,1
440,13,0,0,1,0
441,15,0,0,0,1
442,13,0,0,0,2
443,14,0,0,0,1
444,16,0,0,0,3
445,13,0,0,0,4
446,24,0,0,0,4
447,27,0,0,0,5
448,25,0,0,0,5
449,26,0,0,0,5
450,24,0,0,0,3
451,27,1,0,1,5
452,29,0,0,0,8
453,16,0,0,0,2
454,10,3,0,2,0
455,16,0,0,0,3
456,19,0,0,0,4
457,22,0,0,0,1
458,10,0,0,1,2
459,5,0,0,0,2
460,11,0,0,0,3
461,10,0,0,0,2
462,9,0,0,0,3
463,7,0,0,0,0
464,9,0,0,0,1
465,11,0,0,0,2
466,7,0,0,0,4
467,8,0,0,1,0
468,9,0,0,0,0
469,9,0,0,0,0
470,8,0,0,0,2
471,7,0,0,0,0
472,9,0,0,0,2
473,9,0,0,0,2
474,8,0,0,0,2
475,11,0,0,0,1
476,8,0,0,0,1
477,11,0,0,0,1
478,9,0,0,0,2
479,9,0,0,0,4
480,9,1,0,0,0
481,8,0,0,0,1
482,8,0,0,0,1
483,10,0,0,0,1
484,5,0,0,0,0
485,7,0,0,0,3
486,9,0,0,0,2
487,13,0,0,0,1
488,7,0,0,0,0
489,12,0,0,1,2
490,12,0,0,0,0
491,11,0,0,0,3
492,14,0,0,0,0
493,13,0,0,0,1
494,13,0,0,0,3
495,16,0,0,0,2
496,18,0,0,0,4
497,21,0,0,0,3
498,20,0,0,0,3
499,13,0,0,0,1
500,9,0,0,0,3
501,10,0,0,0,1
502,10,0,0,1,3
503,9,0,0,0,1
504,6,0,0,0,0
505,8,0,0,0,1
506,7,0,0,0,3
507,11,0,0,0,4
508,8,0,0,0,0
509,10,0,0,0,2
510,9,0,0,0,0
511,9,0,0,0,1
512,6,0,0,0,0
513,8,0,0,0,0
514,5,0,0,0,2
515,5,0,0,1,0
516,7,0,0,0,3
517,7,0,0,0,1
518,15,0,0,0,3
519,20,0,0,0,3
520,16,0,0,1,2
521,24,0,0,0,6
522,21,0,0,0,2
523,23,0,0,1,2
524,17,1,0,1,3
525,18,0,0,0,3
526,26,0,0,0,2
527,18,0,0,0,5
528,24,1,0,1,5
529,21,0,0,0,5
530,22,0,0,0,2
531,24,2,0,3,6
532,23,23,1,23,0
533,28,28,0,28,0
534,25,25,2,25,0
535,34,0,0,0,2
536,26,0,0,0,2
537,23,0,0,1,3
538,8,0,0,0,2
539,7,0,0,0,0
540,6,0,0,0,1
541,5,0,0,0,0
542,6,0,0,1,0
543,5,0,0,0,0
544,10,0,0,0,0
545,4,0,0,1,0
546,6,0,0,0,1
547,7,0,0,0,1
548,8,0,0,0,2
549,5,0,0,1,1
550,6,0,0,0,2
551,7,0,0,1,3
552,9,0,0,0,2
553,8,0,0,1,1
554,7,0,0,1,2
555,7,0,0,0,3
556,9,0,0,1,1
557,9,0,0,0,1
558,5,0,0,1,2
559,7,0,0,0,0
560,7,0,0,1,0
561,5,0,0,0,2
562,12,0,0,0,3
563,14,0,0,0,3
564,20,1,0,2,4
565,26,26,1,26,0
566,18,0,0,1,2
567,27,1,0,1,2
568,27,27,1,27,0
569,30,2,0,2,3
570,14,14,1,14,0
571,18,0,0,0,3
572,13,0,0,1,1
573,15,0,0,0,1
574,19,0,0,0,4
575,19,1,0,2,2
576,29,29,1,29,0
577,28,0,0,1,2
578,26,0,0,1,2
579,20,1,0,1,2
580,25,0,0,1,4
581,31,0,0,0,4
582,30,0,0,0,3
583,26,1,0,2,4
584,30,30,1,30,0
585,40,0,0,0,4
586,31,31,2,31,0
587,23,0,0,1,2
588,29,29,2,29,0
589,27,27,0,27,0
590,23,23,0,23,0
591,27,0,0,1,6
592,31,31,5,31,0
593,26,26,0,26,0
594,26,26,0,26,0
595,26,26,1,26,0
596,25,25,3,25,0
597,26,26,1,26,0
598,17,17,1,17,0
599,16,15,0,16,0
600,25,25,2,25,0
601,17,0,0,2,3
602,14,0,0,2,3
603,14,0,0,2,4
604,15,0,0,2,3
